{
  "navigationBarTitleText": "参会回执",
  "enablePullDownRefresh": false,
  "usingComponents": {
    "uni-forms": "/uni_modules/uni-forms/components/uni-forms/uni-forms",
    "uni-forms-item": "/uni_modules/uni-forms/components/uni-forms-item/uni-forms-item",
    "uni-easyinput": "/uni_modules/uni-easyinput/components/uni-easyinput/uni-easyinput",
    "uni-data-checkbox": "/uni_modules/uni-data-checkbox/components/uni-data-checkbox/uni-data-checkbox",
    "uni-datetime-picker": "/uni_modules/uni-datetime-picker/components/uni-datetime-picker/uni-datetime-picker"
  }
}